x0,x1,x2,x3,x4,x5,x6,x7,x8,x9,x10,x11,x12,x13,x14,x15,x16,x17,x18,x19,x20,x21,x22,x23,x24,x25,x26,x27,x28,x29,x30,x31,x32,x33,x34,x35,x36,x37,x38,x39,x40,x41,x42,x43,x44,x45,x46,x47,x48,x49,x50,x51,x52,x53,x54,x55,x56,x57,x58,x59,x60,x61,x62,x63,x64,x65,x66,x67,x68,x69,x70,x71,x72,x73,x74,x75,x76,x77,x78,x79,x80,x81,x82,x83,x84,x85,x86,x87,x88,x89,x90,x91,x92,x93,x94,x95,x96,x97,x98,x99,x100,x101,x102,x103,x104,x105,x106,x107,x108,x109,x110,x111,x112,x113,x114,x115,x116,x117,x118,x119,x120,x121,x122,x123,x124,x125,x126,x127,x128,x129,x130,x131,x132,x133,x134,x135,x136,x137,x138,x139,x140,x141,x142,x143,x144,x145,x146,F1,F2
0.13000318094512398,0.4081192216617261,0.22560748136018727,0.0822156023051483,0.06141731321329174,0.3562781005906461,0.16738236519432936,0.044615598032130145,0.4533718243286903,0.00029672157897142647,0.605532420834661,0.4055353218012764,0.031749138630779716,0.017146678934074348,0.31033921936586906,0.3085535583492788,0.2021838859691428,0.21801934635596862,0.41484706143667516,0.0,0.11232996927112204,0.2201985619492384,0.0887014650012397,0.0,0.05310870166942819,0.06819089285038946,0.16490726387442592,0.03437368801139386,0.05098577015587632,0.3417511770645771,0.1256328357949485,0.09867243934747146,0.06143406278238292,0.2308115626743335,0.33610697286391256,0.004716132007819891,0.0,0.015563417662469204,0.10428447564951107,0.09914509238989136,0.056075011946103454,0.27310659162795126,0.11485327822443367,0.0,0.14552970896528758,0.12989614528658244,0.017791333473200083,0.0,0.0,0.011367457686761543,0.015810165868824822,0.5251012964710847,0.007365565420528781,0.0,0.0025683694010741782,0.005568401392927017,0.24794049028658094,0.0,0.0,0.17363306259004083,0.07875224063647221,0.23055350182030965,0.006537312311799253,0.037869786991610255,0.3006079197638272,0.11414002384773514,0.030205316759087778,0.42157804877314053,0.0268906588023312,0.02051945491409623,0.4794706214243839,0.20894810440330777,0.34304372437258535,0.10429949637696401,0.2137997265973915,0.017355550000531208,0.119618808268695,0.008824931201262258,0.0714888039150644,0.5345708983745128,0.02951302957556376,0.07005263508617829,0.011626679229920854,0.1725652360914598,0.265765823710342,0.014863364648343974,0.0,0.019164628013114277,0.10308269468508886,0.1872781495931347,0.19608341856296982,0.2357664637101957,0.13182586552764033,0.06244735383594232,0.3673673374531252,0.10112356740402105,0.1667758318879281,0.0,0.14040221613839238,0.11319714088156158,0.05573569223236539,0.07536797782091353,0.04600911968549756,0.04444688520521692,0.23225133975569925,0.06394241420458414,0.038719714298570684,0.16028779852040725,0.2364344133132043,0.12315200009033159,0.44728838603596505,0.17146689304485416,16.749948818960995,45.046685070246866,0.0,34.11625647525343,3.839478169092736,15.69745746925318,30.16836143463035,0.2813807885231253,3.494058034462741,11.631927384348922,0.0,22.933751291428795,1.1110696997905412,6.753373698061154,1.118410492306508,5.261117047438842,12.04179428960185,0.0,22.300313945951302,1.106147498846014,4.889600225669913,11.944376616391708,20.282401831774553,11.274496362767344,20.112169710506976,56.08383616968378,3.332605352078308,3.8456552770545387,5.602662626639341,28.588324751212742,0.0,7.3184242140305535,16.27117834828805,4.68442478442489,0.0,20778,4035.0
0.21318284945780638,0.1373900430303014,0.07215653888705753,0.28880792567268593,0.015306023257293952,0.08487329208820026,0.0,0.30800650588029055,0.010621521747180326,0.4884430000197433,0.3337058504901567,0.34726596596403925,0.43949896772741104,0.40386244219062906,0.4343122386861005,0.020947028683093633,0.029617979458863505,0.022075788499647447,0.0901284570577561,0.16624038190944296,0.08375735738314645,0.2601016928685604,0.12381391946791653,0.008333028352906648,0.4627721386946242,0.21990300560067752,0.12852762493821307,0.48956380616240586,0.10348419768435836,0.13848855116081488,0.2113504012967336,0.5049704517551619,0.45270890945574094,0.046725356259886205,0.4038389343712754,0.09978574002959513,0.3114638820612149,0.21131560654853748,0.1921213330301396,0.05616316123101962,0.44366989401517565,0.3124728866049622,0.25529113424994193,0.20484111887777784,0.4055273603484161,0.2503592280536307,0.25575193696211074,0.2050562912775583,0.06222741346432532,0.08432586477074556,0.02362955552785652,0.17165389133592235,0.10753022567603737,0.0,0.06910643915728912,0.08502349820049394,0.0877862692860093,0.02308428891329929,0.09731474319498114,0.20869649849023209,0.35364394369526014,0.02758625530293325,0.13293833821682002,0.2412138274006169,0.4361242782046372,0.0331231844280061,0.15321405045361838,0.0031142763893367838,0.3760478625502564,0.13553087838199418,0.46801009403033367,0.1216067751118256,0.18623996734215464,0.0,0.28027626158787206,0.3092193942667878,0.31385899616118473,0.03553486778137583,0.01836820803162694,0.24233646774001233,0.26526601549724804,0.035215115284892975,0.17217200181724113,0.13533425453695544,0.0,0.12234947417529038,0.36520144084330985,0.44899074473555717,0.05291289924774466,0.14884159477421616,0.32287704306423737,0.03828330773608902,0.19925515017466022,0.16821707992198923,0.16335413876921193,0.38308663896039896,0.0,0.0,0.18838961166577073,0.0,0.1134467477394253,0.3184748413825642,0.07021446815113369,0.41294224762098464,0.5075567380883376,0.3104349137114354,0.16283582092775542,0.1283948646526159,0.4784038978773478,0.14401910072547972,0.05207654822945311,0.11362626014696178,25.639539222815795,26.74960834607577,59.092938429465434,25.62252744759015,50.9904148062654,17.210382997186024,7.278295127911327,5.871352554959522,8.851193758479296,27.283151154149152,14.44797866692967,22.948996249396462,10.253282427674991,36.80212337134735,20.731786548440514,37.482910931755946,37.6876499179992,31.798027490111718,49.87551587790509,1.048896772263508,0.0,20.261735485965833,16.348008076787647,75.80398559816058,15.376135121048335,30.133750513465834,14.669097333631678,11.853450040138657,0.0,14.297904979658433,23.0520999842851,18.49867777192847,25.118146620375768,48.262808092969095,19.219403412808767,20367,4040.0
0.15900155952440703,0.20833920649923693,0.08297576854952862,0.4279967411542801,0.020632060834977296,0.17223730582967534,0.046924052187695346,0.11259164299075028,0.2160272667800041,0.1428451464300971,0.0027720823714085085,0.03790056054098338,0.0,0.04897769713041433,0.15928153214759455,0.0,0.08222082745072247,0.09564246863484065,0.21142460700928306,0.4455861027145576,0.16709899471378392,0.146925190330972,0.14589869951283566,0.0,0.04925883185422403,0.14618048378004728,0.15373436059794277,0.2123984719760139,0.1211739369749823,0.09678492101871537,0.23094489340097096,0.5504745543726768,0.19522965706725046,0.0,0.45448694950193236,0.29370131072976635,0.05613054563169604,0.030811976420119583,0.12875400707658816,0.003203527476911196,0.008742412873091484,0.40921316855458006,0.0,0.0,0.17225945517493385,0.0,0.03479810561256303,0.0030148725551244157,0.3172550968509816,0.2609076552989145,0.4581664647325505,0.21009824373361366,0.2574473089329391,0.0017239676960621483,0.23102681358615967,0.0,0.12209609629251673,0.5164248941890299,0.0,0.00462339131087714,0.440862509058293,0.15954046260208837,0.2417309090298416,0.1111253238866084,0.05224791406119419,0.19871708332773025,0.06664116297978023,0.14980626525906038,0.2799585228889045,0.1869089957912611,0.22285358407200015,0.06139414154752166,0.30514030487284843,0.04688504873545743,0.35247929033272374,0.0339182799481873,0.1881239835800773,0.34788450426734463,0.0,0.07628145460847502,0.04869244476365018,0.0,0.41117724038366243,0.0679037488930069,0.4618572503454549,0.040085764357393895,0.008739866692063414,0.08228780590482627,0.019787036743597435,0.14778558432769953,0.0,0.27705815772558456,0.4018573933941093,0.39438091950692084,0.0,0.36173049667143053,0.15165960807773388,0.07174738705249635,0.08120024812681426,0.3782184884025952,0.03583079903970296,0.17730269667157122,0.01832752827625209,0.31077517672218974,0.794176780961341,0.213287191312299,0.058225709820461755,0.25978303491175286,0.06893474241848636,0.0,0.22388247528613656,0.10485414941798911,36.06190104427276,10.509986854351064,0.0,34.2281082128706,15.549773690401862,16.4824659388226,1.0602724689605085,9.362796457406734,22.140508105745198,14.889589596251907,0.0,16.736320978241984,51.226791435476244,3.1495078148788265,8.143538947248894,21.29820712201269,31.77869139577505,18.461499855226478,27.928755743369283,1.3572060886284916,0.0,11.894031629959853,28.478284752354323,19.748272669290685,10.64019501745194,5.646140350107737,11.237362097767516,11.052257290783222,2.211303654705908,0.0,19.595849189858427,22.53360563143094,21.458984405603204,47.02950409698466,21.751915301025523,20367,4040.0
0.22687042760786294,0.1513167654478668,0.0,0.1617510845663087,0.020440401316197437,0.3444736659613495,0.033352160650426246,0.07508732416165076,0.04105485577885308,0.33200167253013624,0.16152887427697699,0.38038209745700724,0.060732130163134355,0.11336961202924593,0.015755113943845662,0.11197299481962429,0.03288757788068371,0.39260805137059046,0.04769951075676357,0.497541297847611,0.023049260070027958,0.20463714763020702,0.044304799533301575,0.17170397748547933,0.03602684824687379,0.29318557979023907,0.2724138628537828,0.05373885918013366,0.44058837239503124,0.32432515756841673,0.025590531265243275,0.5003892333770062,0.12256173838695432,0.13802305856850006,0.04995984670531631,0.27653782083905115,0.16839219298096805,0.13424457407533158,0.2772140494524244,0.06439757272825551,0.3935924844399325,0.045863586754215674,0.0,0.0870901681073096,0.2953402806245924,0.07854431026934709,0.007764601178105339,0.19199407920775535,0.07628179497930102,0.02851611983502828,0.06742950670529908,0.07483277870429308,0.013723456713978722,0.09538123755190898,0.2821807098050064,0.48617304832005304,0.34789525609204974,0.06943035069170729,0.12360873162343755,0.11790632447279017,0.484225402915118,0.20130374034006715,0.2280068445136793,0.18222902470300734,0.31617705061645995,0.14919959724845297,0.0,0.11833815995043559,0.11867190246197729,0.2876510689888842,0.12124930825718586,0.21495518848355483,0.18265466529137894,0.4572450229441146,0.43350020224547076,0.388286722376499,0.1376402815409717,0.0,0.11875118664939524,0.16761815236181102,0.0314314026864254,0.06460185947880098,0.4383907431395346,0.0,0.3308271743720913,0.05790964460258949,0.40923311884358193,0.35217701414598196,0.0,0.13173129702965777,0.3024279396054236,0.004908299567285146,0.13452539115588066,0.1697223205812731,0.17690953306215323,0.46211756549593114,0.34519634044107045,0.09945827408322265,0.08187069867464049,0.08070212676633547,0.15208795653770085,0.21825300575874518,0.0,0.1181655198407679,0.5373470983066359,0.1729834965609262,0.2308647292929081,0.11791657825006682,0.2587230773841084,0.3175010740901331,0.09728913143174092,0.13561268069354518,29.838690825103708,12.177813392474597,12.760902337992619,52.640099801247686,22.573785782194193,3.1238098981365883,11.33193235803851,6.935372966223432,41.24411808679937,0.0,0.0,21.077758718185468,5.998238654213316,4.4702422403803785,44.712544199874415,12.105000895544922,38.25786488589366,33.94586376469282,39.65122271910138,4.982721197668026,27.619104807163303,31.210886725489168,0.0,24.16067419951294,0.6325243323470929,0.0,23.060994995706142,21.237574904854807,0.0,3.334012920257048,30.001183408770807,26.53927430993242,14.671233224009686,14.991590232460153,53.28304135135548,20367,4040.0
0.44597658454293027,0.13983020171501834,0.01515764462227381,0.1514761687092909,0.0,0.060306171961379676,0.0002687546092477937,0.008065343609275012,0.01053507141151834,0.09840231520642612,0.0,0.13789641185184534,0.1276482805208887,0.043769466986719144,0.4888179820097967,0.023813132163490455,0.17703078575651804,0.1871206089231109,0.0719951628635903,0.10337216431078061,0.0541386022119871,0.016722543957634867,0.01389547638314791,0.43904719417055665,0.18173752464153828,0.05748374488659411,0.1942945198277488,0.21565995101740362,0.14320840419977499,0.08206463231425523,0.03475924951371611,0.5770731721744602,0.22111519803610366,0.036613552300397346,0.3067087924997115,0.22036649045431442,0.1634062966073258,0.0283806404414072,0.3063077709118318,0.008284341793602596,0.03616934073817247,0.07792916205246529,0.12977500638932674,0.2614089064314767,0.257127802596976,0.1029132126420165,0.6833694810203638,0.20872111712463712,0.07284953861989488,0.05607681592179892,0.047230611808495,0.5681178239273135,0.0,0.05388403097453964,0.06298735401269821,0.26442978801539613,0.072427302974618,0.07584692054924305,0.05798441878768337,0.4409774588673996,0.255331232273153,0.03560221882123069,0.13312281948766572,0.17040435079774308,0.31209115083600286,0.0745297604569403,0.23332096985221792,0.16275677560072016,0.1662504780688241,0.12316079405230966,0.0,0.06275180263691463,0.14292831266481767,0.0003548292484067973,0.18524626285288465,0.2856391945848004,0.40454595841630825,0.02727378286277944,0.1242785217425621,0.11528922871142791,0.0,0.0,0.05718116970012322,0.10909168213251669,0.0,0.0,0.30283732508090677,0.15833401253666812,0.20208443348228736,0.09125015492367858,0.16615899228523323,0.05087285600635244,0.3559143201132262,0.18285879139382116,0.07982352251775446,0.026793083272662683,0.17586520739776373,0.0,0.0,0.2829311444009388,0.12372963454148038,0.18003058108920517,0.06646541664402357,0.07020589869674397,0.5281393878555133,0.19296691642027133,0.0920953113952131,0.19875892113917576,0.10860486575611458,0.07843053769875621,0.16822919851536364,0.38493099453913776,14.14871388405053,21.584357007752367,46.618495800581286,17.682927299112983,43.36647337516333,6.364928962518746,12.2714459746794,4.589113559045914,16.550137503897467,26.948789120230114,2.9629032454858124,15.659796660896344,9.613290931492479,4.874251609465946,23.002220194240216,13.450573006375212,31.19896649399457,43.97430577455194,31.10116009474826,0.8638926304471836,0.0,32.859411914177365,11.192123980509212,33.985698013392415,15.928680261796416,7.1699760991874895,0.0,7.959601556650948,17.173341228155216,16.870509596627656,15.693485440365963,22.018403405945467,6.090221010561649,20.242557452346407,18.55363955890289,20367,4040.0
0.30121312070081213,0.02440039619226365,0.0007622978387508946,0.14438475018688934,0.00011481383635077416,0.0491234858372271,0.19956694216598436,0.1405901404587287,0.35351330913728674,0.08957715191984085,0.17209648899283417,0.31231909293915827,0.21895570228293412,0.0794394202882453,0.11928015833470623,0.08342234628383174,0.020465364890228464,0.377317077866429,0.006731687603045539,0.2555457857145893,0.0033179662302903843,0.07309035511488891,0.03074895837894946,0.2756337437342947,0.02869635309216448,0.18717923912678813,0.09390706674412375,0.0,0.07432408763830539,0.01634220456988085,0.24901450967268768,0.5497480976042303,0.24658991959187615,0.23672703888916957,0.0,0.0,0.0413571598571843,0.10952115324635865,0.2728277577357446,0.13602583653597367,0.14130630223827448,0.34448559629267334,0.15737463495901555,0.2600987749103612,0.27919007272630963,0.22078572792557022,0.06258683575329788,0.049230012828349476,0.0,0.02610706958780424,0.0,0.15116910723901028,0.26976729441345043,0.009958979602025369,0.07014483677481581,0.364917985778368,0.26068958565703365,0.04060368621120475,0.011103229495593281,0.13824315206626767,0.5174906290162594,0.2831078996399724,0.12821302661931175,0.37553621952622107,0.5012368597746788,0.13076558427535556,0.12395135085299072,0.4684546384777371,0.10547293196017582,0.308804265683992,0.09511210557489115,0.2712682836870761,0.2147115224206465,0.3243546913407512,0.37186773582281496,0.31609351584217704,0.05124823118386738,0.3074261820674491,0.14070604917891416,0.1302959830277861,0.024237545999403216,0.2832976931339326,0.334485049819279,0.475862054530565,0.13046131412296424,0.24239904108126145,0.03368861560953426,0.14275953791449295,0.016943163802060533,0.12448203399482782,0.322881895540127,0.41299289546843676,0.07573899213533529,0.10510510313485372,0.3744669854758547,0.0,0.33113629363464114,0.005565252583986596,0.23170958715501433,0.11123615056746039,0.0,0.18947885328319894,0.3899660553659241,0.06363750545116993,0.5015366436625694,0.1358029191377161,0.06501245505949049,0.0787076203975671,0.2542095976763572,0.17551749018410429,0.1304880474329743,0.1703544189622183,29.422731986577258,10.818044470709284,11.353530175827052,48.08843641896175,30.54038170821786,7.648817479990068,24.40246295027424,6.5039401823866125,35.9455168127948,0.0,4.376212335106053,0.0,9.218705942016555,6.293707514072772,8.275677793152736,20.756678642396704,25.871903686034656,38.408759717004465,0.14404865859690028,10.359829702998642,25.25237869278385,29.451028976360384,10.526179335873469,17.512708713602336,2.84846283660177,38.847870168837005,21.509239895253014,28.33897311084805,0.28952977998581186,27.900835916802414,38.11291724493729,9.969470692527334,7.712749563005804,17.120685804046254,46.94705790764794,20367,4040.0
0.5183382764943519,0.22241662815340427,0.13373308959810878,0.047579179865912404,0.06249247757259811,0.04448385220842248,0.07303958809096994,0.14774710334428046,0.05774421923154486,0.03037827013298784,0.5499099171915349,0.3000249660585831,0.148102589469849,0.0,0.0008945026684428817,0.24736613904091448,0.37105566778266175,0.2586405004702915,0.19394425052401348,0.07763257665033944,0.24589220411138255,0.0,0.3394390056088146,0.0,0.0,0.09825682472963582,0.4951928276712496,0.2438539121650229,0.06180419704461913,0.1268818765728002,0.11989397487438003,0.04049687373889163,0.0,0.2499838224336386,0.14317916213723428,0.31845250564759714,0.05966257377946277,0.4877151322252658,0.2916611803416856,0.15095981143556947,0.0,0.28485187637156995,0.36444579482075107,0.15382643878067664,0.35636256270668343,0.4690026305493456,0.30534115255708394,0.0,0.5105049141588661,0.08946029227086957,0.035493408074496594,0.11045426871334496,0.45151908327589585,0.543156681679566,0.08949506686944891,0.41903532859417303,0.09198928394799831,0.0,0.057829284249243315,0.17541698972989342,0.29489497307817625,0.26052798910767105,0.0,0.09515370822965669,0.20908549292584772,0.014725285355520212,0.0307651378613963,0.21743742894461962,0.2865169489307493,0.06771268216063975,0.10464728424189014,0.17659422284207718,0.38633084956514524,0.12446089533969626,0.14741919268703943,0.01956338421785698,0.020041586087215714,0.519299124375244,0.23510970393901487,0.11383247828955247,0.1407477980032958,0.0727707400816465,0.07581469489099245,0.02828496903563453,0.08850920763564071,0.20425591412822128,0.02689233002046467,0.15674891960034015,0.11157997972420186,0.13417760681356847,0.3934142745767762,0.16602304340708185,0.3117239551469288,0.5277945385706942,0.15731607900540848,0.23048829677076635,0.08809202926445615,0.1804996148232938,0.007886716401733225,0.159997147114887,0.4204057746547387,0.3403345221420948,0.11700160110437251,0.24028225943759163,0.4197893926343802,0.09318996363743465,0.2715415440683926,0.10807066153377426,0.23872851187706923,0.3961822002661801,0.3185065567492562,0.0,36.87404322076732,2.2308845039081024,12.31452012178021,28.946913262791906,48.47242646596787,0.0,32.48960566730314,6.775046671129356,38.312925368269795,16.392712876138443,10.269502305211562,6.822618786061384,23.40963623042478,13.977769837029609,33.49169935118613,18.023892470480558,7.7392437041058955,28.25462167251121,16.2472278694453,11.06073621868745,27.184170420974873,38.82378149053718,6.9423522255683725,29.166963225172083,6.451116695270982,17.380985858438414,0.048816959677699945,11.497914759277457,12.89054747465863,9.889630222056667,13.238614596297541,25.967036497073824,13.773334045507063,28.73663158697247,13.560384155762558,20145,4099.0
0.15857535904608352,0.12508204253717267,0.11960625207070846,0.10610640794330621,0.02165001715891351,0.0,0.013077792151322098,0.03574825885726485,0.2640521669713062,0.06873940961558625,0.04569716970241393,0.015354931112124819,0.0,0.024954628843357324,0.17905993459182484,0.017372021785977698,0.20258783083346893,0.10782370085508583,0.14273573004045398,0.13727723941148412,0.07853362079599026,0.21444268090008456,0.17456195246587952,0.0,0.07995819544960316,0.3053139805421165,0.3268930061842291,0.22142309374729094,0.20177185102733794,0.12795832691512604,0.2514236434309671,0.5137267657709722,0.4636896062472412,0.020029626420992663,0.13449757377134047,0.19298736227834823,0.24973038601355868,0.25877369221102975,0.1858568180188064,0.0315966168323936,0.006704277414493802,0.10930595186008198,0.0,0.09503113530268296,0.26944924339333626,0.0,0.04657076310206679,0.08913034756725155,0.2646797107270351,0.10714015435772167,0.21613109814321924,0.20158404473450534,0.012557401448534001,0.0,0.30533683565666514,0.10138808676525747,0.14966579762622265,0.17643798106525127,0.006778625408685698,0.020131570142353217,0.2263790892848044,0.082515024216053,0.03905998915247524,0.12428550638003888,0.5178273835757693,0.37281111832310126,0.0,0.2134166650057555,0.3010765538997077,0.1714001099895664,0.005821863727184573,0.09345234203746973,0.3018197049776502,0.0,0.24560828009224975,0.4205391688289932,0.2600563118809678,0.3317636563932692,0.0,0.15749036090388782,0.25659205099548377,0.020460431782930184,0.5632613366369303,0.1476981536362631,0.26674881661052513,0.051693526331271014,0.17551788185147577,0.15842937139123467,0.06065314030911775,0.21407718648244245,0.380950103310703,0.21744624723780812,0.10262545075539675,0.3327191359451075,0.19859299931624624,0.15366372222636054,0.21028531564928835,0.06307359257837789,0.03679160928222703,0.0,0.053080949229969615,0.11450275584427572,0.4733265379502759,0.09870183371198132,0.5628209726236465,0.18349687614148605,0.04060956354209416,0.1913394506902203,0.2212668899413362,0.0,0.32283550506631453,0.127826840788402,26.102998999141526,6.415366159191668,3.342421969656367,30.663438037187944,56.04440136502404,7.284548533556951,7.296807036226925,9.681143677912337,24.22167563132669,15.98028422041954,13.8278971080511,15.111803865242202,53.58045234647149,14.121360085346279,9.059196804802859,19.680324905571553,28.76633167474298,27.101035001029306,9.288535348897401,1.2691134062030152,0.0,34.18062860693352,20.658214923937475,39.75271327388941,9.7336647699784,4.533935546322112,31.941171616689573,5.034689761566893,8.071989585634178,0.0,22.470753791056815,13.760837714191378,15.769982937296495,37.25887258943732,48.86188968174764,18367,5078.0
0.35150482909686587,0.022846320287554248,0.019797793196017592,0.24427234387410035,0.0,0.052228397326258044,0.03138547775531322,0.1389784127120785,0.015120651557475127,0.12515422294595202,0.14768189541117066,0.0,0.3093702158004536,0.1534803833273813,0.0,0.29810670472166606,0.07395128396546724,0.2955040801544084,0.12749682474074928,0.3035992755928324,0.16737819765289721,0.022721171908131117,0.020837159980755957,0.04703380253834803,0.07480247805710058,0.23166689894654252,0.09291704560552617,0.17494197675669013,0.026679608643774853,0.04356281588471622,0.03707896007001239,0.6544591306372075,0.4771187420792802,0.32151441261446223,0.0,0.10365307638139158,0.05359767967743377,0.14206914279409083,0.29516074333109565,0.07389792942850766,0.09723583358369728,0.0,0.047647956541784095,0.05530045160965518,0.330419323395,0.261843941485315,0.4799778521345489,0.06937774555584847,0.0,0.18428886560712812,0.0,0.18131243214051404,0.06760312290478657,0.001483474894940255,0.044675907243365724,0.3417775970645853,0.45372143681248894,0.025193171570979677,0.018269455675473407,0.2954279672151606,0.2401328562801198,0.046968481492562185,0.14529028628837667,0.5442014224677277,0.3062944071460806,0.6018550838096758,0.4554777919222526,0.42592531043941495,0.19912548153184303,0.25543117846637076,0.36685648275619875,0.035525139122888294,0.1790096977012317,0.42349114739686544,0.48197076223702773,0.2069612865215112,0.07306965333614092,0.08398191098862395,0.14232434118468149,0.09527584059366197,0.1969478151358364,0.165670122738324,0.6102556527482242,0.1649020386169948,0.09225190310019712,0.03259183238357578,0.029272212588754384,0.23753734422769593,0.011424115549254186,0.15306937959296835,0.3862679570942203,0.05596935924597697,0.08954113308083789,0.2108334941897444,0.08531741291377791,0.04130011727258229,0.34782034658624544,0.0,0.19400000028686626,0.051681978945143904,0.2391057327013395,0.09610607563282877,0.15936115099680923,0.3754802477670082,0.6598723141344797,0.27520508983631353,0.0749209098302949,0.09418023934915823,0.34065300702923157,0.02222262430635901,0.08605084557615467,0.05963415389218119,52.31420668580124,9.436893441329847,30.295001576789275,51.421786703764454,33.46890889446212,0.7003382532253901,18.798221801382542,7.9923266149509065,25.980137085411336,17.910809907980337,0.02584070488830142,0.0,15.045892595626292,18.076692187697272,12.583432711702876,34.063402743290546,52.00738526412425,50.09683473703237,3.229476565711094,10.403992100403473,48.66323552505867,29.897202688538528,13.446264023861112,37.5392786022834,16.460853025379862,9.251121091894976,25.962060478735477,32.445681319645146,24.035389360005812,16.686476035857336,31.688838959232314,14.262893712540675,12.304683561431457,16.952049981646265,47.86871400844046,18367,5078.0
0.2292802530169375,0.47534759757414297,0.13675398476752912,0.4311202554325432,0.3165346483074388,0.29638500449030836,0.1081260708140578,0.15941363688326854,0.44637550821974625,0.2715049023545745,0.4274775704423135,0.20562512401243407,0.18939635186922624,0.3430916046469936,0.22627515320966227,0.17022798141601414,0.15108588894404618,0.19751197252119437,0.23448755556384487,0.08575442761217743,0.10539321803695455,0.29879976181376916,0.21372993472881785,0.47588315563868683,0.44463898183879036,0.6367953476594179,0.3532167157389967,0.4311742357180355,0.03448873274722017,0.32866164128517394,0.07754619433114182,0.43870358366685513,0.6006328151303656,0.39443065814640316,0.4087851526127745,0.21930940201404273,0.08927580109849068,0.32291662174746466,0.12619512659426518,0.39419075199319603,0.09976721376148848,0.26916371168610376,0.391432550424362,0.35008784011314287,0.26655278023756956,0.3181682085435137,0.3658707985802093,0.4581536115362248,0.056848596715711436,0.11374312138792902,0.34616272600964587,0.6328742393135417,0.07308242731423192,0.05086141685718726,0.23830835730517114,0.2193609596549416,0.30989014220676775,0.4241091206682421,0.3808808785173797,0.3747307817996256,0.4815549137451476,0.11457518757827811,0.6996944399537669,0.3314806777769025,0.7060821981971054,0.2668391319826611,0.2695969837792982,0.2458401572335725,0.35165581168190524,0.13007565564137985,0.31118296404079965,0.6616120531301489,0.3667615117942291,0.286002000763387,0.5426511919149332,0.5222249179497397,0.5442792983560092,0.070909246395123,0.19636136244907093,0.20166665219345706,0.4508728564608182,0.08938294704154216,0.5166129222111484,0.23117396341662128,0.1657683551166266,0.3071870305080237,0.381772314874993,0.6413278269159419,0.09762864166719701,0.32990327145788306,0.22751788343206344,0.24369027829985845,0.24967143146457946,0.28036466871684773,0.09451200227143819,0.4439642293240247,0.3363785903157903,0.33651111146530827,0.048610001760382444,0.3193276922712661,0.44197633556624916,0.417430536195158,0.285445057970294,0.4215167141060073,0.5881067880702171,0.4415270405646573,0.00882220844408103,0.3890124742486796,0.1396195475277643,0.20104633766809193,0.3195703124142146,0.12366048336914492,37.77296486833649,12.099700289061076,62.52815882952302,41.54114093079418,55.815447247442634,37.38593013251546,8.825225037260104,19.906015157394272,26.80596249316138,61.01239091664452,15.372358204806282,46.692585922976214,40.21421640496537,37.03238259869306,13.414953463569395,26.327003268236826,70.47050297594625,37.3761014062101,58.42211702952646,12.41488469327346,39.13814799684786,33.08711317991859,17.864588132048116,67.46377697056205,16.731331105779418,13.860567685543595,52.2270895412404,11.845780875905067,27.16991378616216,31.22830232222778,23.498935365331246,19.112633445594902,42.08234495644675,31.598508875799308,43.765652655883116,18145,6167.0
0.38241370270794584,0.15212528872488326,0.1352178011405003,0.3679115915195851,0.13390582383467708,0.024864615714280287,0.0,0.0,0.23806579363631267,0.26670391516264996,0.31524948657280305,0.016083472520963198,0.13898163896692786,0.016038595790480545,0.3230284301033393,0.21844291711745709,0.37135468630943225,0.11091040327600553,0.4681963071972842,0.14221405851948032,0.00952089900353127,0.04125376294083124,0.1735436466464819,0.16313753181841903,0.18219073882487274,0.3615336275530122,0.02448498421130272,0.2753691707959714,0.0,0.019516905621642735,0.20326921975107928,0.1788855839474789,0.06327901856032328,0.25285075115386396,0.4046778988417881,0.02155994011960024,0.0,0.0,0.09177694909527145,0.31382877071036425,0.26138424222564816,0.15622144322542303,0.21245973169491272,0.3366997129995497,0.02176664921610994,0.09425728540166564,0.027270358025346716,0.0,0.03314787313355636,0.09713198485201348,0.2951303692886678,0.12249649061994382,0.002523093922103211,0.09569093432899867,0.21173700194735814,0.12438959620004489,0.02106872999210364,0.131108881250048,0.36313593122751836,0.284726035425511,0.07645529210969534,0.16251250974133846,0.35483837809326113,0.46144346022337207,0.280906835759277,0.01316069708733029,0.6350909156925826,0.09726775905632466,0.0,0.22163145355971944,0.2609743485277911,0.2318250565163813,0.1588506903965092,0.08147263189451368,0.32060837997265934,0.20360768540850996,0.0,0.2575604662959078,0.0879172481561298,0.6326701114063232,0.3622785155228754,0.1682636252281029,0.13014250082960646,0.24318910884776548,0.09418994415428933,0.26683958373593114,0.051213421140051736,0.006775670817984712,0.2655344594779648,0.23523788693062508,0.31156981982571147,0.18816807271707844,0.13859285986380707,0.07103989146132733,0.22509090928249742,0.17171901995012584,0.20318357667664416,0.13286212709866999,0.03251686552320776,0.24466764210232614,0.0821946622466509,0.20679192988933187,0.22591247736331838,0.09914269772631028,0.5257488835896078,0.28951906163214436,0.1005536206024052,0.07272639526107721,0.228690734556502,0.1815438093355033,0.18913385505808583,0.05950511303210375,25.440393424035108,19.876368996999222,0.20227961703560518,37.867984364245906,0.0,24.87488006571326,8.009386835101427,4.841252145437518,38.49288998794388,14.558756907466444,42.248418101887815,28.866123498299736,1.9876387215289841,13.600265876572951,20.731808036074902,12.528534687395918,12.91870248573312,5.954971054167933,24.828822974730308,1.58791167506377,58.13713970971938,12.475200883024543,54.92097120731894,24.572489140721665,16.096634267984186,17.802584004895557,26.354896871578887,1.8311863476690442,2.70160073092564,12.385592130888842,25.321426176068627,0.0,31.91855782376893,2.0345690817780073,20.448063860690596,17000,7075.0
0.0915881006460724,0.17203746205408696,0.11565439738941394,0.09364377910374364,0.02713879997660259,0.4352451091710761,0.0,0.03872525207127708,0.21451334190269797,0.08941828146338958,0.14695815495695452,0.21903740360012042,0.02573770648846825,0.05212196660224214,0.104789740640261,0.006929137703021792,0.08806829204161683,0.166272294890218,0.01521220364076612,0.15471653817586736,0.0905542092080647,0.17058072912604885,0.16779279762856703,0.20463480202091827,0.05767821541224655,0.10618498580201975,0.416049387427205,0.17399952199174604,0.16931582266113504,0.1393992542523357,0.001640456087043753,0.3706191347771919,0.3007812296525071,0.002010259034200273,0.04763662904904922,0.16793089075971096,0.22237581181896277,0.3814302779917406,0.2280637592388353,0.0,0.14285260540273545,0.0,0.24309594419951186,0.0940600596372474,0.3796383667887652,0.0397676410983577,0.02620797120292186,0.1009423597675651,0.06588782506701614,0.0454541886677626,0.046984071701520615,0.15489226652009672,0.11226870312215638,0.0,0.0,0.10344223253660766,0.07451210724902563,0.31899269757763477,0.0,0.29162934053422274,0.47590482859092753,0.047817363163112685,0.025539334959193454,0.14929677335810754,0.1835974055829167,0.14455858495346513,0.3131942866982428,0.16324350981840108,0.11096226827651012,0.27788979609102427,0.12357027714582917,0.13569691112554583,0.2550777057634247,0.2986558139748857,0.49961446587242414,0.12842565359471508,0.1524879913360183,0.27494560689329595,0.00953629558540417,0.5086562610261798,0.21116190351414163,0.23917132524449905,0.28456139184681134,0.21618129712229137,0.24112816727972208,0.07698960798511237,0.28215418390005453,0.13833844604555906,0.13021240203412401,0.22182604264060196,0.23194910989285428,0.08374378411264438,0.07606984144488334,0.4499404330743605,0.44266188921431726,0.11467164008785513,0.47016301752402373,0.02775129139835321,0.050299722322895535,0.0010931947318606075,0.13765987528451662,0.27197972344814764,0.34536943281155824,0.08836496110218725,0.7160220973220575,0.3328843300495525,0.07857178102997459,0.14393117418046628,0.30119923764703715,0.2707859733055783,0.061159850648867975,0.06135714815715631,19.498871266909912,5.574241583717359,1.6267847528374242,37.48170132814404,24.3217548832447,7.993738537071803,5.835652530869778,12.568820028199108,23.693200950545666,0.0,15.083423283145727,26.441229752299755,8.647997588313219,7.7895641181489905,8.829885681091511,15.378990506320326,24.597056767439454,19.39060910965058,24.944462131644816,3.196379343185919,0.17722668102550146,8.157806681380258,14.35400537245245,26.695699495130867,35.055322690966314,0.18371648123520792,37.637975675233015,13.648403288850371,27.45123513261196,16.101492998433777,19.18929054917775,12.907479853455296,33.81303281242619,14.885436626393004,34.65429626052522,17000,7075.0
0.09245288834223334,0.1249475488438862,0.32166881833835104,0.09785831568672058,0.0,0.0827636654539273,0.0,0.0713321790661997,0.21511437982643847,0.195416117429225,0.22506060011547407,0.23313151383131475,0.019575194200272997,0.015570028731231807,0.06992921650243387,0.1681396962104863,0.19141314464028578,0.10251702079423335,0.0,0.3698415413631051,0.25315344689687413,0.06023033898818553,0.3072766723048181,0.19335473119277918,0.04942383830957097,0.4712600930000656,0.0,0.14232793112743386,0.0,0.3061423605167494,0.4783766171781655,0.13672340509751743,0.20289869813782846,0.0,0.02482588989891936,0.061848299950273446,0.0,0.0,0.12181112790358865,0.012081477878924376,0.17142717410869224,0.057977510797075235,0.26939789344778675,0.24615561543652353,0.0,0.02302399962881234,0.07297006306659723,0.0,0.13306876173110638,0.09920537864183909,0.02780327040422583,0.17034743525996426,0.16509810863040478,0.1691150110890727,0.02575275439272511,0.0977201629786343,0.015766923507312902,0.16396005879232098,0.012556544426711728,0.26754474533750644,0.2336059865283655,0.054340001261691015,0.056112411674192064,0.19320327301077367,0.10412011943644629,0.057058183928393263,0.35642213055353994,0.09883502617858966,0.005025843627448456,0.2529500761441206,0.43035506594488204,0.05500606329956867,0.2891069402702683,0.2357393166096443,0.37755940583804837,0.004862826709691306,0.062754439819536,0.2584475171469075,0.10456983812357376,0.5288449262998752,0.20841702741751542,0.1561084379359216,0.1359199700445458,0.19049553932170576,0.2115525069125059,0.063348199511176,0.08179261025914808,0.0,0.4933601682665835,0.28051144693757163,0.20097909839351896,0.07126756357869335,0.062303142797641875,0.17829652771259688,0.3005351058909124,0.11600497165677254,0.26554848240243106,0.04454960189958566,0.030860238585365313,0.0006342679007283145,0.07821857815938103,0.3565357102111051,0.2419457026399882,0.1236066560611073,0.5225775667170116,0.25657707013244185,0.33161590792594325,0.049036425063140654,0.18320403286487558,0.17585011929136624,0.3919397791510272,0.04270315968616886,17.29399321526014,4.142810895697969,0.0403434874195952,38.72264565956283,0.0,8.933720613125141,12.55682920106159,5.05315940355696,32.694739324105,0.0,19.844890700731085,25.69965926171558,23.126969195210226,6.040898654081459,9.191270312733211,11.017416046454755,26.953650778604214,58.811228146287775,22.101454285254007,1.5604352768331404,3.9134352341478498,28.630246356295295,32.087315902562466,17.986760686134218,39.02021627199609,1.6733863681927146,37.38909881458616,0.0,7.6390701273303465,9.286687854323707,12.65792544235017,7.054611120679195,27.104593820036598,0.0,13.743503957867665,17000,7075.0
0.3915645068933315,0.32438029235246546,0.02888152847534091,0.1519363751032148,0.005595560764571758,0.28625496190349903,0.016475892867335973,0.013100395809280782,0.011077483878268663,0.0857693136248288,0.06577462046389738,0.11836511226918384,0.014102727453176088,0.0981434854249093,0.39831697035111036,0.05069650321092423,0.2282579907857431,0.052441604373468335,0.08082300122237718,0.3639031402014885,0.24537628588104168,0.08434153835969084,0.02889830927660975,0.3604556089515076,0.06536921340177565,0.0444563268098984,0.27154575772324363,0.17598158377520892,0.07890048616649269,0.11587191290742425,0.08311632484756805,0.5211114775812178,0.26826242556326874,0.03575123100545613,0.08600162599005551,0.23348845346528807,0.06063721923426691,0.044486991216598645,0.19451656343977036,0.1401864090840297,0.039433124144008604,0.03814438279710863,0.13351503680005605,0.10380416966005293,0.30171716220548195,0.09045298224709916,0.12259862185880105,0.1528329582090542,0.2329637821191018,0.19166356939864582,0.12385960553556138,0.2638717157340458,0.014189411825750791,0.0,0.07912466243729127,0.1859072004622282,0.15069952575154036,0.04759026807354374,0.08020132949883926,0.3608592872336441,0.250060644841646,0.08416929553597868,0.04888943610926401,0.11595129181103132,0.3822196272601026,0.2999065543309177,0.0,0.22381343496729686,0.23382306451625032,0.18692039004081137,0.0,0.014296638583816298,0.13670926700129477,0.022496254610510025,0.3377512715826059,0.386369367493974,0.1224345536437714,0.056784968995980574,0.07848834723204069,0.13490667971457748,0.0,0.0,0.564725276105415,0.16568043600243454,0.0,0.0,0.07856701546570172,0.12814174525584968,0.07327224834055361,0.42704505481345456,0.189214605911763,0.5362618364649728,0.1000207738877363,0.16651662477135015,0.0877818836596628,0.05408103602847796,0.2262891577869158,0.0,0.054545837507875006,0.373193481806313,0.2634830984648112,0.16667053372498578,0.21611509459760408,0.04928697678288853,0.5378633405605042,0.18457042771951665,0.06324244133956204,0.15233824253152886,0.10217497582749596,0.04850455460594472,0.3678712973473789,0.1194681483987739,41.13852508542249,63.60794579939696,2.0547740753895685,24.11490777294593,55.72761691660429,8.22430028927257,8.453737568159047,4.6616511928862545,28.817501784187442,30.348749333018112,0.0,19.03215577407804,11.68963846904759,7.809439835141386,10.555895218977556,16.289167660572826,26.663372670676672,55.30088109151666,12.619254776657002,0.8776262413073621,21.943055905454656,55.27692469945018,11.074298680741823,34.237739191243634,35.815510831631315,4.711386187893505,30.125812953705726,7.88488766893412,29.24228791713992,18.850449975753847,20.99487573947858,20.357445019617344,16.690272737378102,24.752080446659065,43.48264768685307,16367,7142.0
0.18137728395386443,0.1591649727963455,0.08724887235490231,0.18504716734187457,0.002458237105246233,0.23181673604695602,0.11207688347926717,0.10875812122366638,0.2506432223463441,0.12747668977268367,0.1158894509191612,0.3284378154794174,0.1214703738195777,0.0968108214528621,0.33933807806237654,0.21890190392935374,0.10414230894003079,0.12269831713677089,0.15186171107945265,0.47344920989390593,0.3317539572556431,0.009657143385117894,0.31731288621990617,0.02895054079231829,0.06788197684133003,0.639979995806661,0.4166614429314462,0.0856596076060778,0.2276775541207277,0.48290451503565673,0.14695625303770507,0.27617906820837823,0.2020897557458326,0.08345351055551621,0.4785442032713597,0.35403687732230305,0.14058062688254236,0.07671499140633806,0.33864709727136916,0.2491844900354707,0.31516591404953453,0.08358452589267475,0.7359852566695134,0.1266764815426692,0.3184361623357493,0.01468603815655679,0.0598022214147473,0.29819736284189224,0.23788339294491487,0.11949051403862174,0.1481816913282385,0.25599735067775065,0.014507110432839365,0.21002959248263214,0.3252750219867905,0.1843245011001738,0.6295480039523006,0.11387919484432651,0.46291824175130764,0.14845009365068207,0.5762826392047156,0.03136765179140457,0.42527612027751444,0.11326029272811933,0.4105818523592209,0.1699895532694453,0.6844735340557115,0.14151017459307808,0.25558705665756654,0.5423081237275319,0.21690653594658144,0.33254947164683557,0.23688654576292384,0.11121651865066579,0.336856343638063,0.7318855177068169,0.12782701448941797,0.1104994035916219,0.35818574922248414,0.14939789257897473,0.18444477271543236,0.2758164456449167,0.5412751101745273,0.11814111125020293,0.39753957820514085,0.3446931904706656,0.5199748849992136,0.14943319100400193,0.37249674915343867,0.4049363362457945,0.4089144204498446,0.1614831536399311,0.19262785865589235,0.4984330726951237,0.3436114198717808,0.3626500113183822,0.11674314878874474,0.12107042688773922,0.2582588844529638,0.27493434938272315,0.21880353497245816,0.2770533768074669,0.19797732629700066,0.49990884573420336,0.5538260016253639,0.19401159065320636,0.190017334541655,0.17982309735492286,0.44515411728849047,0.18160190574447022,0.36084091357379744,0.24698957790632184,31.49150941739998,11.557459762289161,0.3304680311852347,45.64586648500464,60.820424690967045,4.385875848396081,10.633822818247717,18.73151295891075,13.315380057501562,27.41638822789677,0.0,27.362192822355638,0.0,8.070397179435604,29.999014054652278,13.43732996615531,40.27116279649922,30.812573918177097,31.02516435405947,2.080180461789124,56.85429557787473,31.985468451942058,1.5963611872594439,21.173673357383834,50.066625663719094,4.3498183547271,11.812283036361595,34.85772212298164,19.226370249087758,1.1088823983721041,15.455091873552668,52.3080301749575,26.046556252624033,23.428671737622874,21.767377716773034,15778,7163.0
0.3672700850966207,0.1583055803728947,0.2008830976489216,0.17625299699835198,0.19648399178709386,0.35688105634309175,0.37184528582345344,0.11378528812580714,0.25041783720391625,0.24536147854734577,0.1837336932062854,0.3273254528906714,0.30605578143359535,0.13975184120807738,0.11591246019282016,0.09294812196735086,0.05409953348653501,0.20217750468638201,0.0396383183528913,0.30268951709315917,0.17512159456195697,0.3416565953579829,0.24672289677752834,0.04646755536599754,0.3143745708993457,0.4571349298682512,0.21941967758524555,0.2393423571399751,0.2607805058669673,0.4133006696835715,0.022881623097319025,0.43691041486758253,0.29395562568766886,0.21994541894399106,0.06772933768140577,0.3806555483769207,0.3091886502342702,0.2635072991606607,0.22360923516349665,0.1287521299684191,0.33148891870771635,0.04240189154294683,0.0,0.11837450742240599,0.46858350183990327,0.4029687521536355,0.1330000861643883,0.20706439505836177,0.09797952189801087,0.02451179384555981,0.07665252505513409,0.29727720594355156,0.03805211982692593,0.12072083392470118,0.09149769125518308,0.2714296731732449,0.36695260259405793,0.09334738885446099,0.08864709224420572,0.2128895162798938,0.28922920102372107,0.1284935965053499,0.1168813287948292,0.1859536422585693,0.2698405221177749,0.13386303982220069,0.6770991086950896,0.22500058028443426,0.12821888402609738,0.3134251635876636,0.25636517482212784,0.23072321440779137,0.37476899980913614,0.38400133120710755,0.28013561047597213,0.19702477510151645,0.12102250580758064,0.37487837117776107,0.11373339737849002,0.23890496606327172,0.08036570052170233,0.06194642782049189,0.3898217178879283,0.3485243813070642,0.4032655745958912,0.05202710583248492,0.4870778986512448,0.6133067297216368,0.04204278523335156,0.34473364548074004,0.26523781163686033,0.007249247881603619,0.22695042591589742,0.3947079262415076,0.12081746795648433,0.44357298825125085,0.5256596648328387,0.19518666371448845,0.20672049787830266,0.106546772781009,0.08432472413654024,0.3859609310698586,0.3400571075271963,0.08094498861075466,0.5837799908112196,0.2202665796086371,0.27597882988463723,0.12456510566526724,0.34440661777036613,0.19588664496861535,0.12322793934062506,0.06739312459813739,45.2069323443897,6.677018114248186,14.251948254745301,58.20430939812772,29.12120690448348,3.7242057846209913,17.612867318980946,22.093614411086037,25.896095473983223,0.0,19.865395180163986,38.8698068464041,7.5495983232994455,7.757303264039596,5.992495700657247,35.89051722439299,26.258351162619583,39.07681927059344,47.52061707065113,3.8095579151446213,23.491860272297174,26.8591190222309,17.304771805539225,27.18931286595725,0.1154644804703088,0.0,41.08151135589405,23.019662571995287,0.0,21.64853707713142,27.556022554863382,29.49056776936078,17.21881131581115,10.427351898018976,32.0476016142425,15000,8192.0
0.07618668854272805,0.1780720720968513,0.2128778798498587,0.3683854720470736,0.10502741361921399,0.15987638117239097,0.14071021479558846,0.0765267259264385,0.2449880821785469,0.17798071179895958,0.050582815018535364,0.10279593364437037,0.27543425014939915,0.024927096026811597,0.2432281526956755,0.4753868382862958,0.14434725616331984,0.39719919749642435,0.1617442215353864,0.31307918052155365,0.057999166177744504,0.23879410256451555,0.058218106499058404,0.37156907360005104,0.5308753010686059,0.24380161404385248,0.28979391998309456,0.23399645617473502,0.12135213814625119,0.04336107587826235,0.0,0.21788729213313676,0.279764415628565,0.2668443622403202,0.11642168644081478,0.23716035556707576,0.01193776419390527,0.3288651301892319,0.2200373794555389,0.0,0.054165021870401,0.06633549003022493,0.14950651180399388,0.16501772906367168,0.3050266724749889,0.0,0.046842245196827066,0.0,0.15293246823338,0.2199472101962383,0.11294181311104946,0.0,0.23215490510262254,0.47082601537023683,0.27352953239356037,0.3250801646363798,0.48203656890962043,0.04946221221791482,0.0455817740800935,0.08564254707277834,0.21408946977459783,0.03227823165675023,0.12092432251038764,0.3262813614255237,0.382514201362569,0.40161964127982225,0.1857701081937715,0.33256531435599773,0.3253738021729219,0.3044052189190106,0.13331882306929022,0.16671145861136094,0.23601937913903015,0.07014767183995993,0.6430147754759099,0.24809357420715106,0.18398950817980367,0.07010530589383322,0.19289089807645676,0.0,0.19863896890350863,0.5716442479134134,0.44195128581224025,0.46387820484080783,0.16674646017555433,0.09961119739294215,0.20872867805531836,0.4115946290907824,0.21043402557644608,0.008753034941951465,0.2500939290553699,0.40320301969139455,0.27685948768887675,0.5449807141790027,0.19631624422130495,0.21486517062668767,0.33814384015312815,0.3226558705137048,0.6699317681171976,0.08995111465795602,0.21585956560106745,0.09635268508371102,0.18112110150841942,0.1609304219513018,0.10520532401702914,0.27345754505410447,0.2871863862182803,0.12001119209886835,0.2798908589825462,0.0969920528142751,0.5793647981414446,0.06212161764012254,33.122217386133556,38.92778813209159,29.95444246685093,34.146723314813045,30.064955572975975,15.2228696619844,0.6639008199687302,32.58695621766083,8.779556603467302,36.6798331165677,1.2001361658309337,13.3923044932451,67.10475670069752,10.42154336694948,36.69132504456212,14.563286276229244,35.583417236484564,15.840174148744573,28.296584224754483,11.978218028589936,9.226313559897571,32.179498376096795,37.655756705753,43.25589061027855,13.384969839515248,0.0,22.112820364409995,19.275332932159813,25.14186807890108,75.15844857276318,48.554586517327415,41.51653783356462,0.0,23.70858338003338,19.643983128596147,13636,11198.0
0.22360450230776233,0.1897373510587108,0.02084777857150371,0.30583894596688294,0.025627473983142315,0.14623609089861128,0.12087907274156606,0.06771971675176151,0.0,0.15968229152508145,0.2579011995767138,0.3747830106844982,0.004532767134489102,0.013199792267217642,0.23351644728860338,0.1761427380709651,0.06432211279570364,0.20245693448913227,0.14132535864626977,0.21769944793241308,0.01319486209270732,0.0,0.08990177068716318,0.028618325524340925,0.06045230959129479,0.1775257826050722,0.4526856361536992,0.040930912458057134,0.3324137575088178,0.12349880921759607,0.08953506897186858,0.45707245998842727,0.1292218878174789,0.021136639091334255,0.47030250493081704,0.29504346295325545,0.44243441614966544,0.057029395431337865,0.46190263831532963,0.063310587151267,0.30995045953549744,0.062217618223205685,0.0,0.19611236187876346,0.30289916371633646,0.0,0.04547017174607833,0.3312800239680239,0.2725853535369593,0.13391457915543892,0.4954511381596229,0.22072473931124215,0.01340557162886408,0.0,0.1250135559697084,0.38018145730898767,0.5291361305780417,0.07588732775059334,0.0,0.10634929152933366,0.2708971162750913,0.3329936477709493,0.04783326703413973,0.09800068830719158,0.4583216684498302,0.3884446758946013,0.04315561276968938,0.15582618982077787,0.20368235414152913,0.363040302086357,0.14716330505211414,0.2631126094775032,0.2758450076427633,0.43352255873346074,0.2482946952783295,0.3246066309263871,0.1173021637706468,0.03165618933075327,0.0,0.1874795449207178,0.18234661225151796,0.18275993885441844,0.5408081796255606,0.15955880059819064,0.3371040275323451,0.1636868412313764,0.5341986647043697,0.3194346769693057,0.10342006156703829,0.1562005252197144,0.3389004669704674,0.22876902115010062,0.19079024575768586,0.19723778806218806,0.22526353391877105,0.571247360772987,0.3958190117544612,0.12902073589710597,0.10078506655003452,0.09177994393244586,0.10751427268516081,0.15038536429321558,0.06299305079946504,0.3479260814664141,0.7132986920637486,0.24368380569851808,0.31137718580246676,0.11964129831837829,0.17214471919429486,0.291762731268151,0.33615588943289776,0.24420109499792125,29.209546043529546,15.979368141321636,8.627482643851561,56.36728749174434,47.30481489782304,4.522404771169209,14.637520614764114,4.226628846455561,36.95385049215301,18.848932887032067,0.0,22.8364846222444,14.480281028433787,23.545419201360502,22.26421373559819,13.890391179463666,38.803672849304945,32.868019453795405,43.42744753975175,8.388570804288879,73.63443291350612,20.66858266513584,3.42022286375884,23.160593128524543,15.061696740362027,6.4220683330700545,16.440014530804373,14.611023451330441,0.0,0.0,12.573822072913057,55.42746871814737,21.45566630351908,27.03750538129376,21.64764366282124,13000,11223.0
0.4414149901612552,0.11912184007206113,0.4236424531442419,0.20586134664129674,0.057061099498445955,0.15005262377357342,0.11375166287180155,0.13925670587186884,0.4929861687905328,0.1226218022376372,0.1278638179566382,0.4208771738997935,0.3199343671037322,0.15680680507631892,0.014453225581039496,0.2536111546660502,0.2928144604260823,0.47059032138127865,0.08105478671661909,0.3169848479838565,0.22819182011238706,0.22821686838593175,0.18109262164439044,0.25530474558062927,0.3615574284003279,0.19476119630561248,0.2737187164986495,0.20458123551364904,0.45323816867619027,0.19302520768789314,0.11207033301242879,0.5425385321386528,0.6154829968807773,0.33414401201445193,0.09936800204099058,0.5990196059795444,0.08592972847823202,0.21326783151038997,0.2738010725225652,0.07601915837882929,0.1459783548245315,0.1101239573664113,0.6539424704298846,0.061783564010656,0.24007088011770095,0.27954956004165027,0.605658213756778,0.05587842917121103,0.19335714221560882,0.14064022730013187,0.24531510005212082,0.1508957576295734,0.4393204436155589,0.5271336989804847,0.5216901680808024,0.49556559882214,0.3008407550221198,0.2059719730987425,0.08825702730633532,0.6019040480578048,0.22262665640392898,0.10721767195632656,0.21354780164741355,0.5441741157771992,0.31308849544277323,0.4354649368112442,0.5839355800657487,0.21896703433405823,0.19569651000375815,0.32161958926439027,0.30563344027570283,0.179234692391494,0.22706179874499927,0.31746133885260996,0.4255828245818368,0.10821491812661159,0.47492451566305705,0.36404932016232433,0.21042654078895637,0.18929286474472923,0.28429624870934583,0.17425682627572228,0.505168078123981,0.39868318351903076,0.4182793511289083,0.31667909373466846,0.891330250509018,0.5144621401585108,0.23658834655733454,0.24721347429755056,0.37220296512016504,0.024603738481843114,0.23893645722854845,0.20149200531024378,0.12708813928712617,0.34292360819784806,0.4347268644766863,0.4159207007228221,0.2693050594784665,0.0969736489487524,0.3182972824914457,0.08756736401670842,0.3188675460186078,0.4499168057969195,0.7454967421227919,0.2140912545931682,0.8204543592082407,0.2429638136140556,0.3249148572371714,0.22103808062289254,0.06440103035152409,0.21692460359821567,67.03154018792738,33.36049674157843,28.281157324034705,45.54520123718935,60.58649456089752,12.075301270032757,11.033343469934128,33.79252797157543,27.791671217867282,29.35720751082839,0.023379413787504008,11.499659223471866,13.324706532718254,14.176244475375277,24.37524476469763,28.46165465241819,58.30263028331031,54.5098466489363,23.831023351159804,8.92954218273109,29.499018580276374,46.68369281637473,16.269535975401467,41.800025121125536,14.405231757500736,21.8619574034495,45.770588188946135,31.703880348908413,22.35494698296131,33.79089568970109,39.43247315914634,15.288729330694508,10.262814210120057,25.89541963949752,72.03862536733662,12734,12313.0
0.3246067041832301,0.24842665797150118,0.45712691836119723,0.16159059737973774,0.4161097637410158,0.04715975924217167,0.21277245869561473,0.20551907733520358,0.08249401896448068,0.3578983704534461,0.4624800477291978,0.3160963706479776,0.09852487419529517,0.025726339179333382,0.18509994623062911,0.36732066226477106,0.3979506355095711,0.14703999255830377,0.2681090719303914,0.2262836979801962,0.0,0.046589526349516595,0.32937842715129123,0.2369050558143462,0.13807570837952823,0.3004848238396589,0.22771440426631687,0.23896351990559303,0.12250508721368795,0.2522810515671424,0.14164374964920995,0.2038195788553644,0.44935100689739726,0.4847224312809913,0.3346183833392336,0.05980274326654462,0.17293302158537038,0.17547196218565717,0.399659964917347,0.2948831976316423,0.1662653969440022,0.19737616360504523,0.2651726935778249,0.3316035180144133,0.28738065546186664,0.4274969174301676,0.18976019469986097,0.027944365301877674,0.07354559749548802,0.19678045649177522,0.31246688721683225,0.14947222346697198,0.3183483580346527,0.4090778829152176,0.4963880041046588,0.4913692789866183,0.14566509240990047,0.013725851788656287,0.5749305357883936,0.1318243792163603,0.21551206721969163,0.27425247711180556,0.2650160804420694,0.6090759958512235,0.26618316231199496,0.23333070185329213,0.23946701024272832,0.18356706315262689,0.3839216139787471,0.07997764326241517,0.25930254497757055,0.1461502414171833,0.6440962826383323,0.11738008313843835,0.19372809590861545,0.19708486474544992,0.0,0.29586130015851936,0.3083889893293273,0.0,0.16367081317416302,0.3458207713205969,0.6315488417765075,0.12840222741848145,0.1620036931881697,0.3642769029902152,0.02330279525897032,0.17664664454746215,0.543110565039048,0.28347305974057524,0.4611140390515469,0.3081032186229267,0.09838342831250638,0.14544718596627082,0.17398852284941468,0.23614706165390348,0.17566923906581522,0.4754020823443419,0.17594018788341315,0.23126185764306956,0.09721604312412249,0.5542069210279827,0.09767698736161097,0.0,0.5168590924036729,0.46427033329019335,0.14027779439018095,0.5180455994577319,0.23463965855329277,0.45687986665857766,0.16730162900117554,0.2582659559453367,33.11318612024425,10.480352785559507,14.552471490712765,48.348850553630655,28.632169163658137,18.64495010541617,39.67068494029257,47.585225482437124,24.723115555338495,10.155782324175476,9.957861234479573,15.439178616552189,23.289430288081288,25.61542708354715,34.04075151981693,33.99437698167466,22.194429920853505,10.862923760567693,19.974357860551887,41.26181573319444,11.157508965662826,11.291217591399537,28.002102221438683,14.45340633261281,4.0990133860773685,24.835289488888183,0.0,38.66822006907071,24.321944913712983,21.12572392158772,10.319097831282031,6.175178998657794,11.399893697100337,7.134811743290255,26.242659923850606,12000,14263.0
0.8307379602622836,0.6870124942451294,0.4631575240191468,0.32713838428987807,0.25010193068271513,0.32041930190280093,0.7056757453802879,0.18465233510621132,0.4756763457354479,0.2931584348408372,0.43505302378511634,0.23443512389553417,0.14328775060546017,0.4569846724121088,0.17279508500030474,0.14092023916551605,0.2405606062718763,0.176280846860523,0.3784234273022355,0.12309727359425396,0.6442613363909457,0.4412376904074767,0.18223228424169358,0.2479107857767135,0.3521742865783671,0.2787368296068239,0.27161679544906453,0.44886347539991817,0.31239546714467564,0.08353031713786503,0.1036359289218295,0.5160550624466933,0.18591675765083435,0.24024711896048598,0.6958997246871549,0.37653725080971284,0.9209725852310833,0.7666536818207168,0.6629098713688863,0.4951094212056644,0.3667606651891131,0.5405014164141848,0.3655914175182789,0.26868550875458397,0.3267697286616103,0.5198512569276686,0.26262892544584093,0.3499787937144296,0.08294461851955821,0.4045919803290057,0.2567954891246087,0.7939903939776717,0.4809622201307907,0.5541269804280827,0.12777936589177286,0.26822845491370934,0.5529535126271673,1.0,0.33454912362226485,0.21978228386545465,0.708098487959328,0.33834566920943504,0.3843788228933525,0.7359359313340941,0.5172978053566539,0.0026385242789856156,0.2157873010820097,0.2590009780010568,0.32484960608998603,0.22219373129662692,0.5510169354939861,0.3801127360284043,0.24683680548897038,0.2840772716261361,0.5660570114134778,0.33842834133154065,0.38918925830519624,0.6658843066994863,0.2139632559158122,0.2266232612646524,0.42588582407872594,0.5780502757465397,0.19587887598298281,0.39423858864015116,0.39102029297614493,0.15494893193326445,0.4864153267831619,0.6275128804587919,0.14261623856070305,0.354153637493885,0.27897186458360534,0.3757704012181049,0.10489422934509858,0.5577269991634239,0.11740506898404351,0.28526805110763565,0.38339983469451555,0.45400236587565324,0.06927801752035635,0.2980971954048304,0.3514342423419863,0.3486622314680971,0.3877373787924644,0.535886007663511,0.5780248960551735,0.47889355237284564,0.5131651765793543,0.18753281701526414,0.28676725538442527,0.2617434137494351,0.28190876941413956,0.313405766907485,27.142753367360687,40.506693954405684,50.336183517218515,67.90709642291783,74.5624560826486,39.67597822166478,19.95285384725263,35.23250825095194,54.83528314352659,25.563922779790786,31.798126600388333,20.991348923427758,41.663166455193775,25.90919771704738,37.442107150897996,75.68875312771449,61.07154845111471,38.84972441690135,46.98072547551919,34.35328344103696,21.367956881213928,47.037298919204,20.17058024414028,61.35953691931471,39.29063162513503,40.22079763266653,53.61029790430551,13.752953426476886,73.34755682920947,28.052979482987794,37.1891995368152,47.692163512243674,51.05958431856078,36.84547455046212,32.785903676546944,11471,14365.0
0.23226102091029577,0.19733292405873104,0.39575146505374614,0.13541925758539705,0.0,0.1654946489680839,0.0,0.1816363931165676,0.45603271904422854,0.04268948605287075,0.10540443862707899,0.3044023813542466,0.1938884838221356,0.10439907832641535,0.013990031111713838,0.05112844472608703,0.3404804353113112,0.11544342876505506,0.09117516686126778,0.24105412755983607,0.0,0.43130813896480324,0.11327183365637442,0.0,0.33822111748709593,0.03535387397216719,0.24301652593392503,0.2003615257921249,0.41757884149796054,0.185601956679451,0.11620954122422616,0.2163675310707295,0.39641473139610317,0.12483558964219707,0.07694171155563576,0.7105587424628763,0.10426415140831169,0.35336406062309966,0.0,0.0,0.2833564768819912,0.11696506189472632,0.5439355720256145,0.07207732721227458,0.26601935560497925,0.007846920850433889,0.19267250821079587,0.0,0.08402094291310958,0.0,0.26122899848002484,0.047723578065575714,0.27201513891157586,0.2702545570626942,0.06710208729549386,0.0,0.11970361825491482,0.02234614471874915,0.06366194183451854,0.103857729667923,0.2133231566679207,0.06811177885602498,0.17500119350723026,0.23250255564428007,0.20404161013369562,0.002319002049277738,0.13326236481847814,0.02319924577363127,0.0194528835254,0.17803480577137115,0.09302445101564921,0.24795176335783994,0.2942584399208689,0.02404326240930453,0.20335327057099248,0.2122403329325719,0.42003271053857105,0.766687893593495,0.06465583050138035,0.0,0.14274669563427836,0.14280936420793347,0.048592503599398484,0.3961131423856984,0.007592213106681933,0.09122429978755936,0.6322066470346931,0.5479463536290753,0.1274431805091929,0.03791223881552849,0.017102156983724175,0.05399433609823499,0.2304239556307008,0.1944910878881283,0.002414478762635071,0.32477406634084394,0.12312763736839961,0.5483998135964567,0.026847961730442006,0.0,0.0,0.03936935102955756,0.41942495717586303,0.00818954859118876,0.020931288289298133,0.0913043456335242,0.5543184598339677,0.19238337210599452,0.23334880766624194,0.35543165519317155,0.04131330777530001,0.19974820895319212,0.03037240834295825,28.413686860260842,33.8201262384157,12.071540959460478,6.696828158633112,19.71972683652516,2.4025276684542587,7.165603454905957,13.91967059870625,21.0156476727229,0.0,14.351965253450246,0.0,2.9214724225873963,9.107578686233198,22.184507235467237,32.0043738665181,19.804015219429616,19.811547938410232,7.805790640899813,5.438185629616715,14.90516970639642,3.36191305382256,0.0,10.6452475351749,11.982073211497243,22.77104120910981,15.953291767058227,8.360426255284146,19.30763460079232,33.67269183242251,6.040377487542887,12.010876971918934,0.0,25.46870983831104,11000,16336.0
0.43991787589516246,0.24068664958740732,0.9204709263106805,0.5868564146484774,0.2863682172344806,0.2933844575127438,0.37997151783277006,0.01780744685801678,0.2203585037259849,0.0463681256797934,0.32586322389173084,0.21745922146119842,0.4097871178091203,0.12052791047489768,0.2811679975256945,0.47015407728313163,0.25362605540115224,0.25750402006929346,0.19328277451413328,0.23013900534471415,0.3069433746267842,0.37710652157771096,0.0325117316933486,0.07309957606760198,0.18484012378547998,0.4111653896342512,0.1952853644098396,0.19413651830420428,0.3732773430712206,0.4177000019297843,0.07606433912630328,0.17108228023028135,0.12625149182592413,0.2860523549425962,0.3518144317785745,0.3094368712784268,0.2946943538821497,0.48741170701366465,0.49080119413850165,0.1783201767742321,0.5762302251131655,0.5845762743972616,0.571956158321904,0.3780036681225247,0.252707079208231,0.10090393583488226,0.2815913459948181,0.001989644348098413,0.13820643990996212,0.32145691026108764,0.0672807975464397,0.2368921557139021,0.2122415229125313,0.37080928586975137,0.17181512473380806,0.23829705713471927,0.18631891635721357,0.08231283573290599,0.48186948782535466,0.21128540357191145,0.2429367213694209,0.1994488052385893,0.33117089481523,0.5185087998088094,0.45128845116575766,0.05161786114703827,0.6130954578991107,0.026585099956035883,0.14352982684745735,0.2706426670571041,1.0,0.5501579620844768,0.23563428332534062,0.24741978049513663,0.48177033072730635,0.3553790767460917,0.4219232769397856,0.4160930776968315,0.3793908437921745,0.5521057345238518,0.14882417411818047,0.3560182130223059,0.16733920517552656,0.1419932718955599,0.2737632449344972,0.6804142295573237,0.2950851026257851,0.09384670850927514,0.6144130622140688,0.1411975047415017,0.5253887925538159,0.49621665361721007,0.2940260766255636,0.154868318104388,0.3157775573110805,0.36984301471510583,0.409123363788414,0.42869301914027325,0.0,0.2589798790449442,0.23797932246084957,0.5198533714756536,0.3423803247486807,0.26437035432354833,0.5617085036296653,0.6273070658334177,0.45768665790555335,0.27283632509729006,0.29052323732301405,0.2884203802632737,0.17666882758677305,0.10378521290573087,42.347974614264416,18.683684024971765,37.83675200948735,43.16768458855427,26.468675860827645,38.25081627319709,8.561580779396643,15.251325778443455,30.489655900945955,35.11767714027037,19.073725891238116,37.831510802259686,12.117533533125057,15.47395839078001,43.77449269328426,16.760093960191455,39.187918390443464,18.38665377027751,26.387429777366087,16.72389478855155,23.896676966595038,40.45307171989157,31.044348129454736,35.97225956748931,18.54873087158401,63.487332429700096,31.557244209795158,10.822977921684691,6.965020037599763,32.0400465784484,35.252866474279465,53.72568605170728,61.52130749544224,4.112023124740431,38.43002500475559,10734,19439.0
0.3087454986185894,0.2575929382996241,0.3653385417130531,0.17728889855801055,0.21503293734509615,0.2652844660079552,0.5032943824143226,0.14867844347229195,0.37864008046335673,0.13729859752313311,0.20452518374842837,0.35833767452255616,0.1442145796294435,0.0,0.03284226622914138,0.08742861507559223,0.29131597551846466,0.19252184197022515,0.0,0.3663669726030789,0.0,0.405600365544817,0.07066642090744212,0.09001012307301778,0.2577635933113456,0.0,0.28677324066394677,0.2768106261756435,0.4153612156896912,0.14495133157512824,0.29123544840342486,0.017986720721330937,0.22146586849140626,0.30833147003380423,0.0,0.3738509814009119,0.07759183965126298,0.16396377280858793,0.0,0.0,0.33465286161266067,0.20813930989699553,0.35250692272267814,0.1361591758374472,0.27245266106666133,0.0,0.2621082692046085,0.0,0.0628086874557667,0.0,0.24452806787441086,0.0,0.4091089541442057,0.7064981395131047,0.0733328787494891,0.4707331644589815,0.16471032145645204,0.0,0.07398550200569334,0.20973029096172371,0.2627870000553374,0.01832640196189777,0.17301395942051398,0.4500406344917959,0.2900163548945376,0.0022291750188624137,0.11950934589029293,0.02968178444130447,0.06350107301409771,0.1965619192044677,0.1632523157550543,0.28038462464468533,0.32612203802540385,0.04437644964486809,0.01733195438982587,0.20256375184883582,0.3920103373244498,0.8049131851296274,0.08986051353773267,0.039192243128765576,0.005772551607550198,0.0,0.08441783454135329,0.38287575569329246,0.1924239025062766,0.07686888859557908,0.5174773433279298,0.475832590596256,0.12364841128864772,0.04904026908032878,0.11536950810384247,0.0,0.3609922564859013,0.2254655663415245,0.04357186438555549,0.24652953530906577,0.08195755334887968,0.37865057745549524,0.02436770591476753,0.03491839728967204,0.13294070631768864,0.6946135664446368,0.33787309600764787,0.0,0.04370987905685232,0.1233639076549124,0.565325977319591,0.3467784950629894,0.33525077321470675,0.5356636623672026,0.2388767520929938,0.6424137930089876,1.3645912633352162,24.860012904758346,39.60775491371245,8.065369904470192,4.933248896438118,22.62969405876742,9.63404923582329,5.47854659564737,18.07720703688474,50.21789566240274,0.0,7.610052769773332,0.0,3.216022248106218,6.490557938853503,15.271182467898651,36.08428182158008,18.743902368173288,19.689757028222605,15.23657619629892,6.811175309657833,20.508027840361528,0.0,27.157864551907846,21.202854272116866,12.038740368775143,19.1579896991526,26.703112011458153,10.613017522020627,45.06479015234048,33.62060481823852,9.73710871068565,10.709020051477808,16.08685668014319,31.509121183044773,10367,20345.0
0.5653348346663735,0.4043878366479497,0.29366904119365816,0.11491290959923053,0.18293016396236012,0.10728442193875518,0.1676420009544007,0.16828374658298048,0.06005536129567887,0.031103547940539863,0.45193931452405406,0.14160119875918262,0.10142415287934226,0.05511016622289222,0.40662024765732097,0.480846325702593,0.3620723515649772,0.1965351080485397,0.27622663873223524,0.391633894643205,0.4936279439809212,0.27652859258702156,0.43634047640666745,0.13639743423679063,0.15880322353743687,0.3450286343610647,0.22643101486084882,0.22401085257318715,0.2397104221570348,0.1613262062501874,0.09420158733755499,0.3342226106462839,0.09186441190721521,0.2770767812597111,0.3323317130443923,0.43651529058084154,0.3760247639358291,0.1714970274151643,0.33442926295832565,0.8864886366280696,0.23080654300765768,0.3281720294223404,0.18143224230163305,0.32290212724980205,0.4171473028346748,0.44414703582424186,0.5074429840044322,0.0,0.18196177913560196,0.07825829121127181,0.23937511425968594,0.11531065927773199,0.4728967690186022,0.5608237288570439,0.10325117701421421,0.13503818652198796,0.1576441147643369,0.01883280002207113,0.3298903071516356,0.1807290213550813,0.2770227602359282,0.49345460298406085,0.31295223201906625,0.69356799504173,0.3489574801768419,0.2867642384429208,0.34498361346506057,0.20510209340280053,0.32701835994899564,0.23647741555010193,0.35350494300904317,0.4074884118417035,0.25667211134250406,0.37399937261077115,0.22454767738170633,0.15421713449122718,0.0,0.28341972745593313,0.35970111187083575,0.5766769939054118,0.1415180112371497,0.22604159076606556,0.6033914867856245,0.17916908029292689,0.21048949247422116,0.23496714280764175,0.16770967359757735,0.08050653859079601,0.3215038679891312,0.4645855927424272,0.43826396994882794,0.5088438357767706,0.2543428475445062,0.25620345945213857,0.17893227372515,0.3565096690424349,0.7136032965743326,0.4739134867539446,0.0794132906990307,0.637023853971048,0.11184740684499565,0.5356099031914301,0.3569168531996,0.1441803680609196,0.5193198263370509,0.4606144746030787,0.3050393384660232,0.43665051098017127,0.44593202715154984,0.5402129869680626,0.48212353134062674,0.19720179553938544,24.660679345156613,10.677327708232951,17.319152501604695,52.682128010801854,27.693698812481678,33.35440668955163,49.59326507720276,33.491549708253096,24.474857315058248,40.65650254077978,8.007771775553334,45.19562882179717,44.17346312187271,32.746449080137396,21.07378436592078,20.527760996922485,30.098227195414054,8.721701115357178,19.372054928299853,11.180994836658495,70.8011215914033,16.65918459865456,46.10103258056664,16.245847756788375,24.87952047349868,13.563400415946273,53.08799558218466,30.6770005238303,8.141999984570985,62.87656018506433,11.124652221172093,83.49050893399637,39.01993755735121,39.94566975680893,24.655432920392155,8367,21381.0
0.2544588131710514,0.2292137838017142,0.24160539447389218,0.24385580920745747,0.1972956870308532,0.3007364416574084,0.17559988780238317,0.05802272566491001,0.1507474573857316,0.2700739493206128,0.28198852531170016,0.2229027027984171,0.1518079094328432,0.16874975233862421,0.09049376859908702,0.37954359460821974,0.17037372455452002,0.2954391264387651,0.3053866907633446,0.3738449632979301,0.14603628335449023,0.45057675070097003,0.28794707134081987,0.06754048243271728,0.22322791348900542,0.2627756243591788,0.2740919507513456,0.314637738162976,0.06733601476240564,0.11135919591322176,0.08475281699080173,0.1731461109149971,0.37533998673056074,0.33115539988297965,0.47197046875742876,0.21230951741046866,0.12858014308809607,0.4088085478246966,0.21166795122474008,0.12424736260512893,0.2649474052085057,0.19234792507458748,0.37330487037378507,0.0,0.31778718632170133,0.18221707571702847,0.107805157815901,0.4138323462535094,0.08298519608572048,0.3643951565212789,0.35610392497480636,0.322594132877341,0.27000551324966304,0.4105955949888348,0.24775547361751163,0.48746942776806607,0.49468916551166553,0.28828471651023424,0.27866585004811933,0.1891077782088027,0.137892303028103,0.30021523571383113,0.28132643140009955,0.5381265454902345,0.3771196140782408,0.20047130984884978,0.1937617572613982,0.2764296552320406,0.5837228200346225,0.0,0.1214421222129309,0.12987769744864142,0.20668962470766844,0.17420189311346446,0.266933151507995,0.3278686109824317,0.3886659044589317,0.19443902624124412,0.3290707155435681,0.1065650686558881,0.29302988790977813,0.8886294162523226,0.6250007251681504,0.2075496442355633,0.13235264262898136,0.47287766513948093,0.22851635139608323,0.0,0.33228099712829967,0.15418002278353976,0.29500425241735617,0.18067681708669323,0.03516949624337997,0.6821468581172644,0.15867374855242564,0.0,0.27432578518475736,0.6378946021145459,0.3849020976259182,0.24444066346784507,0.24382649217899977,0.9230840843689382,0.33052777149178575,0.0,0.48861988565800624,0.5218671012001033,0.6693620656715692,0.0,0.351830019129447,0.2577498473215726,0.2558002627450289,0.1867900174205421,43.736774440994594,16.98103325494027,24.48809685658155,52.98673976645995,20.122942883526914,14.336895600587638,9.084113383230054,23.509268438397413,34.79243560429221,13.87790016490092,13.572894169139872,13.572257632126071,21.94077825941245,31.319933549159835,8.349706146894663,29.882319385252814,16.64998527232693,42.88751826555144,20.347145928235648,31.460779876225,10.70103239347591,11.125593650219397,10.412420881246156,41.7312452709707,18.025317302056067,36.134982567408464,37.931381472660426,50.70755718188187,22.61480572249571,8.295801884856903,50.543647270063516,16.29962419547567,14.769729862691591,36.686000314534105,7.367703168788751,7000,23360.0
